type,name,module,path,hash
"csv","agent-manifest","_cfg","bmad/_cfg/agent-manifest.csv","f23658276d373988b66e4fc1aa488efc993d333aad775b2625708a2d8a27722c"
"csv","task-manifest","_cfg","bmad/_cfg/task-manifest.csv","0978aa6564f3fa451bce1a7d98e57c08d57dd8aa87f0acc282e61ea4faa6a6fd"
"csv","workflow-manifest","_cfg","bmad/_cfg/workflow-manifest.csv","18328e87b647e50b01e1fb67eb86fb628a13e0e4bf6d97c877327c7a1ce1ea9d"
"yaml","manifest","_cfg","bmad/_cfg/manifest.yaml","1366c150b19cd7412f841729564da4ba3f6531a15eb638ca1e078605bbd9a520"
"csv","documentation-requirements","bmm","bmad/bmm/workflows/document-project/documentation-requirements.csv","d1253b99e88250f2130516b56027ed706e643bfec3d99316727a4c6ec65c6c1d"
"csv","domain-complexity","bmm","bmad/bmm/workflows/2-plan-workflows/prd/domain-complexity.csv","ed4d30e9fd87db2d628fb66cac7a302823ef6ebb3a8da53b9265326f10a54e11"
"csv","game-brain-methods","bmm","bmad/bmm/workflows/1-analysis/brainstorm-game/game-brain-methods.csv","9dd6c853bcd04038223abf0263c465381dace3c9b13c9eb637f22ce9dc93210e"
"csv","game-types","bmm","bmad/bmm/workflows/2-plan-workflows/gdd/game-types.csv","a44c04d09432c886a7a5a8112474bd32540d8e84de25b308dca0f96e570651fd"
"csv","pattern-categories","bmm","bmad/bmm/workflows/3-solutioning/architecture/pattern-categories.csv","d9a275931bfed32a65106ce374f2bf8e48ecc9327102a08f53b25818a8c78c04"
"csv","project-types","bmm","bmad/bmm/workflows/2-plan-workflows/prd/project-types.csv","30a52051db3f0e4ff0145b36cd87275e1c633bc6c25104a714c88341e28ae756"
"csv","tea-index","bmm","bmad/bmm/testarch/tea-index.csv","23b0e383d06e039a77bb1611b168a2bb5323ed044619a592ac64e36911066c83"
"json","project-scan-report-schema","bmm","bmad/bmm/workflows/document-project/templates/project-scan-report-schema.json","53255f15a10cab801a1d75b4318cdb0095eed08c51b3323b7e6c236ae6b399b7"
"md","action-platformer","bmm","bmad/bmm/workflows/2-plan-workflows/gdd/game-types/action-platformer.md","f1cbe9e9a52acd01ff120d05ce22fa81b30500933f62a3c6c36642280244057c"
"md","adventure","bmm","bmad/bmm/workflows/2-plan-workflows/gdd/game-types/adventure.md","06aa57786c2e7ebc7580d501fcdefaabb28933c7b5785d6643bf643f58ae13e7"
"md","agents-guide","bmm","bmad/bmm/docs/agents-guide.md","83cf960dda10f42f2dabf16097435a2f3c802997f681d914e442792a9fab1966"
"md","analyst","bmm","bmad/bmm/agents/analyst.md","df273f9490365a8f263c13df57aa2664e078d3c9bf74c2a564e7fc44278c2fe0"
"md","api-documenter","bmm","bmad/bmm/sub-modules/claude-code/sub-agents/bmad-analysis/api-documenter.md","c79e12ee6515114368aa53905e628e0c287aafec445665cbb87d6a36c1b888bf"
"md","architect","bmm","bmad/bmm/agents/architect.md","b6e20637e64cb7678b619d2b1abe82165e67c0ab922cb9baa2af2dea66f27d60"
"md","architecture-template","bmm","bmad/bmm/workflows/3-solutioning/architecture/architecture-template.md","a4908c181b04483c589ece1eb09a39f835b8a0dcb871cb624897531c371f5166"
"md","atdd-checklist-template","bmm","bmad/bmm/workflows/testarch/atdd/atdd-checklist-template.md","c7149871527925ba43036e81641715294050137cba0dc6a16fd5684dd72bab34"
"md","AUDIT-REPORT","bmm","bmad/bmm/workflows/4-implementation/dev-story/AUDIT-REPORT.md","809706c392b01e43e2dd43026c803733002bf8d8a71ba9cd4ace26cd4787fce5"
"md","backlog_template","bmm","bmad/bmm/workflows/4-implementation/code-review/backlog_template.md","84b1381c05012999ff9a8b036b11c8aa2f926db4d840d256b56d2fa5c11f4ef7"
"md","brownfield-guide","bmm","bmad/bmm/docs/brownfield-guide.md","32c547c5c137b466bd642e65fb2523f9663c1938b034cfa31207aa0192d60216"
"md","card-game","bmm","bmad/bmm/workflows/2-plan-workflows/gdd/game-types/card-game.md","6b9298ace2607c8e93d64533e6406828053234282e4977e4407faa2e9302fd0a"
"md","checklist","bmm","bmad/bmm/workflows/1-analysis/game-brief/checklist.md","3516d66cffceb3e5ab23e1ddc9aaed8c0335eb0755e7437488cdebff96162395"
"md","checklist","bmm","bmad/bmm/workflows/1-analysis/product-brief/checklist.md","d801d792e3cf6f4b3e4c5f264d39a18b2992a197bc347e6d0389cc7b6c5905de"
"md","checklist","bmm","bmad/bmm/workflows/1-analysis/research/checklist.md","b5bce869ee1ffd1d7d7dee868c447993222df8ac85c4f5b18957b5a5b04d4499"
"md","checklist","bmm","bmad/bmm/workflows/2-plan-workflows/create-ux-design/checklist.md","1aa5bc2ad9409fab750ce55475a69ec47b7cdb5f4eac93b628bb5d9d3ea9dacb"
"md","checklist","bmm","bmad/bmm/workflows/2-plan-workflows/gdd/checklist.md","d733c5d0118d692710fb7af3018239f4fc01c47fe122437db6d8477d697b3fb3"
"md","checklist","bmm","bmad/bmm/workflows/2-plan-workflows/narrative/checklist.md","9bcfa41212cd74869199dba1a7d9cd5691e2bbc49e6b74b11e51c32955477524"
"md","checklist","bmm","bmad/bmm/workflows/2-plan-workflows/prd/checklist.md","c9cbd451aea761365884ce0e47b86261cff5c72a6ffac2451123484b79dd93d1"
"md","checklist","bmm","bmad/bmm/workflows/2-plan-workflows/tech-spec/checklist.md","d4f21d97e63b8bdb8e33938467a5cb3fa4388527b6d2d65ed45915b2a498a4ef"
"md","checklist","bmm","bmad/bmm/workflows/3-solutioning/architecture/checklist.md","aa0bd2bde20f45be77c5b43c38a1dfb90c41947ff8320f53150c5f8274680f14"
"md","checklist","bmm","bmad/bmm/workflows/3-solutioning/solutioning-gate-check/checklist.md","c458763b4f2f4e06e2663c111eab969892ee4e690a920b970603de72e0d9c025"
"md","checklist","bmm","bmad/bmm/workflows/4-implementation/code-review/checklist.md","549f958bfe0b28f33ed3dac7b76ea8f266630b3e67f4bda2d4ae85be518d3c89"
"md","checklist","bmm","bmad/bmm/workflows/4-implementation/correct-course/checklist.md","33b2acfcc8fdbab18637218f6c6d16055e0004f0d818f993b0a6aeafac1f6112"
"md","checklist","bmm","bmad/bmm/workflows/4-implementation/create-story/checklist.md","e3a636b15f010fc0c337e35c2a9427d4a0b9746f7f2ac5dda0b2f309f469f5d1"
"md","checklist","bmm","bmad/bmm/workflows/4-implementation/dev-story/checklist.md","77cecc9d45050de194300c841e7d8a11f6376e2fbe0a5aac33bb2953b1026014"
"md","checklist","bmm","bmad/bmm/workflows/4-implementation/epic-tech-context/checklist.md","5e90dc12e01ba5f00301a6724fdac5585596fd6dfc670913938e9e92cdca133a"
"md","checklist","bmm","bmad/bmm/workflows/4-implementation/sprint-planning/checklist.md","80b10aedcf88ab1641b8e5f99c9a400c8fd9014f13ca65befc5c83992e367dd7"
"md","checklist","bmm","bmad/bmm/workflows/4-implementation/story-context/checklist.md","89c90d004e0649624a533d09604384c297b2891847c87cf1dcb358e9c8d0d723"
"md","checklist","bmm","bmad/bmm/workflows/document-project/checklist.md","54e260b60ba969ecd6ab60cb9928bc47b3733d7b603366e813eecfd9316533df"
"md","checklist","bmm","bmad/bmm/workflows/testarch/atdd/checklist.md","c4fa594d949dd8f1f818c11054b28643b458ab05ed90cf65f118deb1f4818e9f"
"md","checklist","bmm","bmad/bmm/workflows/testarch/automate/checklist.md","bf1ae220c15c9f263967d1606658b19adcd37d57aef2b0faa30d34f01e5b0d22"
"md","checklist","bmm","bmad/bmm/workflows/testarch/ci/checklist.md","b0a6233b7d6423721aa551ad543fa708ede1343313109bdc0cbd37673871b410"
"md","checklist","bmm","bmad/bmm/workflows/testarch/framework/checklist.md","d0f1008c374d6c2d08ba531e435953cf862cc280fcecb0cca8e9028ddeb961d1"
"md","checklist","bmm","bmad/bmm/workflows/testarch/nfr-assess/checklist.md","044416df40402db39eb660509eedadafc292c16edc247cf93812f2a325ee032c"
"md","checklist","bmm","bmad/bmm/workflows/testarch/test-design/checklist.md","17b95b1b316ab8d2fc9a2cd986ec5ef481cb4c285ea11651abd53c549ba762bb"
"md","checklist","bmm","bmad/bmm/workflows/testarch/test-review/checklist.md","0626c675114c23019e20e4ae2330a64baba43ad11774ff268c027b3c584a0891"
"md","checklist","bmm","bmad/bmm/workflows/testarch/trace/checklist.md","a4468ae2afa9cf676310ec1351bb34317d5390e4a02ded9684cc15a62f2fd4fd"
"md","checklist-deep-prompt","bmm","bmad/bmm/workflows/1-analysis/research/checklist-deep-prompt.md","1aa3eb0dd454decd55e656d3b6ed8aafe39baa5a042b754fd84083cfd59d5426"
"md","checklist-technical","bmm","bmad/bmm/workflows/1-analysis/research/checklist-technical.md","8f879eac05b729fa4d3536197bbc7cce30721265c5a81f8750698b27aa9ad633"
"md","ci-burn-in","bmm","bmad/bmm/testarch/knowledge/ci-burn-in.md","de0092c37ea5c24b40a1aff90c5560bbe0c6cc31702de55d4ea58c56a2e109af"
"md","codebase-analyzer","bmm","bmad/bmm/sub-modules/claude-code/sub-agents/bmad-analysis/codebase-analyzer.md","ebd48b4c21731dcce2798176bb7c95ef253a3e57715f9e81fbfd604dbd37ffd8"
"md","component-tdd","bmm","bmad/bmm/testarch/knowledge/component-tdd.md","88bd1f9ca1d5bcd1552828845fe80b86ff3acdf071bac574eda744caf7120ef8"
"md","contract-testing","bmm","bmad/bmm/testarch/knowledge/contract-testing.md","d8f662c286b2ea4772213541c43aebef006ab6b46e8737ebdc4a414621895599"
"md","data-analyst","bmm","bmad/bmm/sub-modules/claude-code/sub-agents/bmad-analysis/data-analyst.md","0eef1b029d5405553bbf732ba27f8dd06453872f6f0d2e45004bd4ca4753c3c3"
"md","data-factories","bmm","bmad/bmm/testarch/knowledge/data-factories.md","d7428fe7675da02b6f5c4c03213fc5e542063f61ab033efb47c1c5669b835d88"
"md","deep-dive-instructions","bmm","bmad/bmm/workflows/document-project/workflows/deep-dive-instructions.md","5df994e4e77a2a64f98fb7af4642812378f15898c984fb4f79b45fb2201f0000"
"md","deep-dive-template","bmm","bmad/bmm/workflows/document-project/templates/deep-dive-template.md","6198aa731d87d6a318b5b8d180fc29b9aa53ff0966e02391c17333818e94ffe9"
"md","dependency-mapper","bmm","bmad/bmm/sub-modules/claude-code/sub-agents/bmad-planning/dependency-mapper.md","81db613cd7166d36cc68390e118e9184c445620d3317f1006fc29dc9409d89ed"
"md","dev","bmm","bmad/bmm/agents/dev.md","d469f26d85f6b7e02a7a0198a294ccaa7f5d19cb1db6ca5cc4ddc64971fe2278"
"md","document-reviewer","bmm","bmad/bmm/sub-modules/claude-code/sub-agents/bmad-review/document-reviewer.md","75d8290f797565cf23c25339f0835a32d5b3fd572b6ada9551bf291e6500db09"
"md","documentation-standards","bmm","bmad/bmm/workflows/techdoc/documentation-standards.md","3cd7cd52b26a82370d570ebc489a04a523d39ffa6cd0d82e08da2666c1921ead"
"md","email-auth","bmm","bmad/bmm/testarch/knowledge/email-auth.md","43f4cc3138a905a91f4a69f358be6664a790b192811b4dfc238188e826f6b41b"
"md","enterprise-agentic-development","bmm","bmad/bmm/docs/enterprise-agentic-development.md","ffdb8746f5b3c2f3393b5f733281b3719bd279ecccc3833b5340a74029460939"
"md","epic-optimizer","bmm","bmad/bmm/sub-modules/claude-code/sub-agents/bmad-planning/epic-optimizer.md","610f1fdf10d6998d1ad74348993b554947d97ba2058c30379ee6fd021d46a24a"
"md","epics-template","bmm","bmad/bmm/workflows/2-plan-workflows/prd/create-epics-and-stories/epics-template.md","d497e0f6db4411d8ee423c1cbbf1c0fa7bfe13ae5199a693c80b526afd417bb0"
"md","epics-template","bmm","bmad/bmm/workflows/2-plan-workflows/tech-spec/epics-template.md","bb05533e9c003a01edeff9553a7e9e65c255920668e1b71ad652b5642949fb69"
"md","error-handling","bmm","bmad/bmm/testarch/knowledge/error-handling.md","8a314eafb31e78020e2709d88aaf4445160cbefb3aba788b62d1701557eb81c1"
"md","faq","bmm","bmad/bmm/docs/faq.md","2ce2ce13e581defecd192f5383e7ff079f8dfd25df45759a1e77046285435fb7"
"md","feature-flags","bmm","bmad/bmm/testarch/knowledge/feature-flags.md","f6db7e8de2b63ce40a1ceb120a4055fbc2c29454ad8fca5db4e8c065d98f6f49"
"md","fighting","bmm","bmad/bmm/workflows/2-plan-workflows/gdd/game-types/fighting.md","52e5a142aac496ae7154fc0829bfbce1ef22296f0a464cf8e595aa14ca02eb86"
"md","fixture-architecture","bmm","bmad/bmm/testarch/knowledge/fixture-architecture.md","a3b6c1bcaf5e925068f3806a3d2179ac11dde7149e404bc4bb5602afb7392501"
"md","full-scan-instructions","bmm","bmad/bmm/workflows/document-project/workflows/full-scan-instructions.md","f51b4444c5a44f098ce49c4ef27a50715b524c074d08c41e7e8c982df32f38b9"
"md","game-architect","bmm","bmad/bmm/agents/game-architect.md","d5c3f4ab002ed9f1568fdbdeab58a395cc31986d83ef656600135b59a2becb24"
"md","game-context","bmm","bmad/bmm/workflows/1-analysis/brainstorm-game/game-context.md","d0f5cb4d6151bb65b799676281ea2af0fe1b5ec227c92ceba655ba363e18a0ba"
"md","game-designer","bmm","bmad/bmm/agents/game-designer.md","fa9a9299d1f4e7114a04b4ddf09e1c2bbfb804fe75cf95135ab62302548f50aa"
"md","game-dev","bmm","bmad/bmm/agents/game-dev.md","b1dcf4921d85cd0a95ec6786a0e756e71d8eb14e5b004a9bb938ebf5632eb7dc"
"md","gdd-template","bmm","bmad/bmm/workflows/2-plan-workflows/gdd/gdd-template.md","070ccbb7f491dc1b1d126245c2e4db4a55dbc5a7ee6a6df4be521ca70e3c9ea6"
"md","glossary","bmm","bmad/bmm/docs/glossary.md","7d2f98c3d469a8530838205da667c8a98ab6304457008e0e6d3f6b46b6f82225"
"md","horror","bmm","bmad/bmm/workflows/2-plan-workflows/gdd/game-types/horror.md","7ff7599d5701bb7a8ef0e14f3ba614626cdd0d8960a8e880fc1cd41c5f508f75"
"md","idle-incremental","bmm","bmad/bmm/workflows/2-plan-workflows/gdd/game-types/idle-incremental.md","515b52bb301e467c1f096cc55abde47159bb0b0d87157b9fa565973b48601ddf"
"md","index-template","bmm","bmad/bmm/workflows/document-project/templates/index-template.md","42c8a14f53088e4fda82f26a3fe41dc8a89d4bcb7a9659dd696136378b64ee90"
"md","instructions","bmm","bmad/bmm/workflows/1-analysis/brainstorm-game/instructions.md","c10a61ffb6b3c212bd703c280a8d23207f6d7981d71257ae37b2063824db8588"
"md","instructions","bmm","bmad/bmm/workflows/1-analysis/brainstorm-project/instructions.md","990e98596dc82f5e6c044ea8a833638c8cde46b1a10b1eb4fa8df347568bd881"
"md","instructions","bmm","bmad/bmm/workflows/1-analysis/domain-research/instructions.md","e5e5710fd9217f9b535fe8f7ae7b85384a2e441f2b8b6631827c840e9421ea6c"
"md","instructions","bmm","bmad/bmm/workflows/1-analysis/game-brief/instructions.md","e24f0a33421b15c29abdf6101907da15702e05010fa2e2f5a52245fee339dc5a"
"md","instructions","bmm","bmad/bmm/workflows/1-analysis/product-brief/instructions.md","8ed82a89a9e7d43bbf7ea81dd1b1113242e0e8c0da14938a86bd49d79595085f"
"md","instructions","bmm","bmad/bmm/workflows/2-plan-workflows/create-ux-design/instructions.md","c52457ea4b72429eb8431e035141cc16ebcb01232715fa50bc65f96930016f31"
"md","instructions","bmm","bmad/bmm/workflows/2-plan-workflows/prd/create-epics-and-stories/instructions.md","3dff42dfec8ac57ad89abe3ab447132aa93ce96d36c2370fa23ebf556eb12e07"
"md","instructions","bmm","bmad/bmm/workflows/2-plan-workflows/prd/instructions.md","af6f9066b21ac00f1b33b97b348ec8e39c6dbac9e2662dfd0a8bcf849d95f565"
"md","instructions","bmm","bmad/bmm/workflows/2-plan-workflows/tech-spec/instructions.md","7db1e44b7d47571197dc1f53eea2297a830a339910902d2805a8b255aaf1b124"
"md","instructions","bmm","bmad/bmm/workflows/3-solutioning/architecture/instructions.md","2a841f8c8a8907f94130c1ce256cbd54c58cdfde8bed9761f4ce7684f9bd2779"
"md","instructions","bmm","bmad/bmm/workflows/3-solutioning/solutioning-gate-check/instructions.md","e6ff1f5a2664e83844a30a104e27e4acdfef9ab960af8225b6efa1483dc451d5"
"md","instructions","bmm","bmad/bmm/workflows/4-implementation/code-review/instructions.md","9759c284b5fbc4675abcbf96983b49e513d58ab26deaca499d74a133ee550b59"
"md","instructions","bmm","bmad/bmm/workflows/4-implementation/correct-course/instructions.md","5e8a3aa9b83166b3d5832ac9f5c8e6944328c26a6e4a399dce56916993b1709f"
"md","instructions","bmm","bmad/bmm/workflows/4-implementation/create-story/instructions.md","a6f4f6cac9cf36d5ed0e10193512e690915330bcd761e403cc7a460d19449bdd"
"md","instructions","bmm","bmad/bmm/workflows/4-implementation/dev-story/instructions.md","2571d592d5e69ea470840013c6e6e9a06b7dd3361782a202503aa1c21b6c0720"
"md","instructions","bmm","bmad/bmm/workflows/4-implementation/epic-tech-context/instructions.md","4310c308e4f43d45de813dc76ff187faad952559e5e6fd26565ce20804b0755c"
"md","instructions","bmm","bmad/bmm/workflows/4-implementation/retrospective/instructions.md","b8cd4f18100ade53fc493883d1439653cb73bef63379072fc57331cb359bd517"
"md","instructions","bmm","bmad/bmm/workflows/4-implementation/sprint-planning/instructions.md","4410cf772bd445f165a8971b0372dea777b5d192968363be46a56863211eef63"
"md","instructions","bmm","bmad/bmm/workflows/4-implementation/story-context/instructions.md","da614cf99bfa1a2c76e1731345fe163fa1095f15c05ab5fedd1390dd0cacdc98"
"md","instructions","bmm","bmad/bmm/workflows/4-implementation/story-done/instructions.md","00e8b4b817b11a8bb1b7a3746fc9991c60acee1551c9de005c423ef9e670272f"
"md","instructions","bmm","bmad/bmm/workflows/4-implementation/story-ready/instructions.md","da51e57c470e7561d61660260d0e5661dd3a269a772ae180910abe5269d9d537"
"md","instructions","bmm","bmad/bmm/workflows/document-project/instructions.md","150154d560155635b7036043bb4c8ee99f52e4a34d1c9db13e955abc69a0452a"
"md","instructions","bmm","bmad/bmm/workflows/testarch/atdd/instructions.md","afed355e21b2592c2bfe6ce71c64f6556deb082c865208613427a33e5daa61e3"
"md","instructions","bmm","bmad/bmm/workflows/testarch/automate/instructions.md","43958a5fb17e5514101656720add81ae30dc7b38b5e0df596df4b7167d8cc059"
"md","instructions","bmm","bmad/bmm/workflows/testarch/ci/instructions.md","2dbb3687ec7423d01ae29ef0f67400b0df56756a7c0041ef367d6c95b6f695c2"
"md","instructions","bmm","bmad/bmm/workflows/testarch/framework/instructions.md","2bbaaa5559917cb2f5da2121df763893dc4ccd703afc385d9d71b5b379a798e8"
"md","instructions","bmm","bmad/bmm/workflows/testarch/nfr-assess/instructions.md","a3838c8e5dcb1735962176aa07cc8f7a1d5a1e1ad70207a27a8152015cfebbcb"
"md","instructions","bmm","bmad/bmm/workflows/testarch/test-design/instructions.md","b0e17d6cbc4852f4808ae891dc4c70d80cb7df267d1a5e4c138d8c92d12c1319"
"md","instructions","bmm","bmad/bmm/workflows/testarch/test-review/instructions.md","8e1ed220ae9fb0ea5eba0a75f7fc755b774d8c1cfbaf15c9b972fdbdab76d954"
"md","instructions","bmm","bmad/bmm/workflows/testarch/trace/instructions.md","e34afa60d1dc5810a37372f59cb37b4f42f08c811948968dddea9668b669b3d2"
"md","instructions","bmm","bmad/bmm/workflows/workflow-status/init/instructions.md","52404f8731c09694fb8032ddbdcc43da94d89c79e5c4005fb0d4c09db864b316"
"md","instructions","bmm","bmad/bmm/workflows/workflow-status/instructions.md","9706ab6bc6fe69cf519b6fc8f139349fb7aec18961a57c75082fcc586741d25c"
"md","instructions-deep-prompt","bmm","bmad/bmm/workflows/1-analysis/research/instructions-deep-prompt.md","a0b0f774abe6a1e29dc01feb4dec706f2deffeb0e6f65d62f1cdaad87dfa0cae"
"md","instructions-gdd","bmm","bmad/bmm/workflows/2-plan-workflows/gdd/instructions-gdd.md","fca992d365e9b205fd50d82137fb74467a38e775f9f691fd8267013ebb8ce935"
"md","instructions-level0-story","bmm","bmad/bmm/workflows/2-plan-workflows/tech-spec/instructions-level0-story.md","b158b4e5aa2357fbef4bc610e721bcb23801e622e9a56da60c3f58908f2f313d"
"md","instructions-level1-stories","bmm","bmad/bmm/workflows/2-plan-workflows/tech-spec/instructions-level1-stories.md","3c8ad58ec827eaf9239140c781258ffb69493592b59b7dfd8562c461420beb38"
"md","instructions-market","bmm","bmad/bmm/workflows/1-analysis/research/instructions-market.md","37aa30c1810fba4dd74998b21051a5409854ab5a97486df232bb0a4dc30dbe94"
"md","instructions-narrative","bmm","bmad/bmm/workflows/2-plan-workflows/narrative/instructions-narrative.md","882d72dbea480a5bd0387a9d062e668adb585b2ae5f1ac3fb0f292c00f45c0cc"
"md","instructions-router","bmm","bmad/bmm/workflows/1-analysis/research/instructions-router.md","8fe681c1902e66ff86f96228ca9932b5b688447f5ff66611514289dc2b926d4c"
"md","instructions-technical","bmm","bmad/bmm/workflows/1-analysis/research/instructions-technical.md","45232dc63d4b80abc53868a4dbe2484bb69a87e7f16fb8765a6a73f5411bd4c4"
"md","market-researcher","bmm","bmad/bmm/sub-modules/claude-code/sub-agents/bmad-research/market-researcher.md","adf271e4a38675f91bf6c43f341b67870477c6d4016d0abc242b3d89267469fb"
"md","metroidvania","bmm","bmad/bmm/workflows/2-plan-workflows/gdd/game-types/metroidvania.md","2a8c101dda7911d1cd1d9c66d1be86af3725832f5dcc7fab71e95204f45614ea"
"md","moba","bmm","bmad/bmm/workflows/2-plan-workflows/gdd/game-types/moba.md","92d0ba9f7508a38d5bfeac1651c6aee8a1a58c54659ad3f0e0d1fd678a1ef498"
"md","narrative-template","bmm","bmad/bmm/workflows/2-plan-workflows/narrative/narrative-template.md","a97e07173c540f85e946eb9c525e1ccad9294ae5f970760f2a9c537b5c0dcd6b"
"md","network-first","bmm","bmad/bmm/testarch/knowledge/network-first.md","2920e58e145626f5505bcb75e263dbd0e6ac79a8c4c2ec138f5329e06a6ac014"
"md","nfr-criteria","bmm","bmad/bmm/testarch/knowledge/nfr-criteria.md","e63cee4a0193e4858c8f70ff33a497a1b97d13a69da66f60ed5c9a9853025aa1"
"md","nfr-report-template","bmm","bmad/bmm/workflows/testarch/nfr-assess/nfr-report-template.md","b1d8fcbdfc9715a285a58cb161242dea7d311171c09a2caab118ad8ace62b80c"
"md","party-game","bmm","bmad/bmm/workflows/2-plan-workflows/gdd/game-types/party-game.md","0cc50b3aede0c45c94cdff743cdac2d8ad67421ea80497a29d2300a1744ea703"
"md","party-mode","bmm","bmad/bmm/docs/party-mode.md","1f62cb3f3f292a5a3d08b295f62fbeb46abff6eb9743abdd5112b49032a7253e"
"md","pattern-detector","bmm","bmad/bmm/sub-modules/claude-code/sub-agents/bmad-analysis/pattern-detector.md","391da73f9013047c2c734bdbf00eb7242df6936012c3bfd203ccb2a7fc6f76a0"
"md","playwright-config","bmm","bmad/bmm/testarch/knowledge/playwright-config.md","42516511104a7131775f4446196cf9e5dd3295ba3272d5a5030660b1dffaa69f"
"md","pm","bmm","bmad/bmm/agents/pm.md","1aaa58f55ec09afdfcdc0b830a1db054b5335b94e43c586b40f6b21e2809109a"
"md","prd-template","bmm","bmad/bmm/workflows/2-plan-workflows/prd/prd-template.md","cf79921e432b992048af21cb4c87ca5cbc14cdf6e279324b3d5990a7f2366ec4"
"md","probability-impact","bmm","bmad/bmm/testarch/knowledge/probability-impact.md","446dba0caa1eb162734514f35366f8c38ed3666528b0b5e16c7f03fd3c537d0f"
"md","project-context","bmm","bmad/bmm/workflows/1-analysis/brainstorm-project/project-context.md","0f1888da4bfc4f24c4de9477bd3ccb2a6fb7aa83c516dfdc1f98fbd08846d4ba"
"md","project-overview-template","bmm","bmad/bmm/workflows/document-project/templates/project-overview-template.md","a7c7325b75a5a678dca391b9b69b1e3409cfbe6da95e70443ed3ace164e287b2"
"md","puzzle","bmm","bmad/bmm/workflows/2-plan-workflows/gdd/game-types/puzzle.md","f9c08b6f087bfaa41ea08c9dfa78aa034f5ae46b627b9f476bdf8b4f5c3389ed"
"md","quick-spec-flow","bmm","bmad/bmm/docs/quick-spec-flow.md","160041033e377e9b547a36440db379dd7cb13993d34f85e52554b075077cab30"
"md","quick-start","bmm","bmad/bmm/docs/quick-start.md","7f32636d5bbc72df8138e6561e13b95e766d3eaba222261d8c4aaa2e2b39eb64"
"md","racing","bmm","bmad/bmm/workflows/2-plan-workflows/gdd/game-types/racing.md","085ea5d0914d7bc6a233c479d0ad6288a575ad1c8b9a8a85881e779fac0e60fc"
"md","README","bmm","bmad/bmm/docs/README.md","9d39261689b75bbf92e60b0a3250dda150e33bb871557e26259c6ff54191616a"
"md","README","bmm","bmad/bmm/README.md","ad4e6d0c002e3a5fef1b695bda79e245fe5a43345375c699165b32d6fc511457"
"md","README","bmm","bmad/bmm/sub-modules/claude-code/README.md","721ec2449aa28f4c6c5c21a3d4d811266dd8775ffd7f1312206ae095fbb9bde2"
"md","requirements-analyst","bmm","bmad/bmm/sub-modules/claude-code/sub-agents/bmad-planning/requirements-analyst.md","e6c7a2928f136ff5117b73d9b5ff0fef9af24744ab000999e887d2aa4f995e2c"
"md","rhythm","bmm","bmad/bmm/workflows/2-plan-workflows/gdd/game-types/rhythm.md","83bbf1761fdc604b8c2b50ed86c5874cce331417e1b3a46c65cb6c4c1a7c8db2"
"md","risk-governance","bmm","bmad/bmm/testarch/knowledge/risk-governance.md","2fa2bc3979c4f6d4e1dec09facb2d446f2a4fbc80107b11fc41cbef2b8d65d68"
"md","roguelike","bmm","bmad/bmm/workflows/2-plan-workflows/gdd/game-types/roguelike.md","fb1ebc838011020a6f740e6fb4f2ceb81be8477f9c67bc7ae3a8e34dfe548f00"
"md","rpg","bmm","bmad/bmm/workflows/2-plan-workflows/gdd/game-types/rpg.md","5aa57ecefb448a0507ee0c8d503b43bd34d0c612ba130240d1af9842b80cba50"
"md","sandbox","bmm","bmad/bmm/workflows/2-plan-workflows/gdd/game-types/sandbox.md","836f656bbaae549f31ac574c0865a61de451c08ab8c561db2c93398e147ece85"
"md","scale-adaptive-system","bmm","bmad/bmm/docs/scale-adaptive-system.md","0fd9db0d4c1bc00185e1fa88dc5494d49013976322f45cdf45afa03c856d98e6"
"md","selective-testing","bmm","bmad/bmm/testarch/knowledge/selective-testing.md","c14c8e1bcc309dbb86a60f65bc921abf5a855c18a753e0c0654a108eb3eb1f1c"
"md","selector-resilience","bmm","bmad/bmm/testarch/knowledge/selector-resilience.md","a55c25a340f1cd10811802665754a3f4eab0c82868fea61fea9cc61aa47ac179"
"md","shooter","bmm","bmad/bmm/workflows/2-plan-workflows/gdd/game-types/shooter.md","2452850295ac2b9fac04ce2d6126bfc19bb7dccbb04c40e7f89c801aecc5555d"
"md","simulation","bmm","bmad/bmm/workflows/2-plan-workflows/gdd/game-types/simulation.md","fd74a7d21243f8d9827fe6a99263579309bc0aabd9e56261d3dd4eb5cfc75ad5"
"md","sm","bmm","bmad/bmm/agents/sm.md","6c7e3534b7d34af38298c3dd91a00b4165d4bfaa3d8d62c3654b7fa38c4925e9"
"md","source-tree-template","bmm","bmad/bmm/workflows/document-project/templates/source-tree-template.md","109bc335ebb22f932b37c24cdc777a351264191825444a4d147c9b82a1e2ad7a"
"md","sports","bmm","bmad/bmm/workflows/2-plan-workflows/gdd/game-types/sports.md","2247ea87dbca74e879f8c686d9e80434618e9e61bd3572739274c1af64cb0bb8"
"md","strategy","bmm","bmad/bmm/workflows/2-plan-workflows/gdd/game-types/strategy.md","997380919f6c1b408906c364f74e728b9c6b45bf2960d1f0bfe8b0def594735e"
"md","survival","bmm","bmad/bmm/workflows/2-plan-workflows/gdd/game-types/survival.md","3647795ee0073a85217633412a41a938e51a553776acbe9ac953fb403e3437f9"
"md","tea","bmm","bmad/bmm/agents/tea.md","97a2cf3d200a9ed038559a4c524e9b333f4d37cff480e976a9a4a292de63df3a"
"md","tech-debt-auditor","bmm","bmad/bmm/sub-modules/claude-code/sub-agents/bmad-research/tech-debt-auditor.md","776ad27704f579266b7ebc157f8b239f8b35043dc101e7ee4cbbe03fc831a8a5"
"md","tech-spec-template","bmm","bmad/bmm/workflows/2-plan-workflows/tech-spec/tech-spec-template.md","2b07373b7b23f71849f107b8fd4356fef71ba5ad88d7f333f05547da1d3be313"
"md","tech-writer","bmm","bmad/bmm/agents/tech-writer.md","abbd01d8606ee4cca815abb739db4f1bc78d6d5b5ee6b9f712013da46c053d31"
"md","technical-decisions-curator","bmm","bmad/bmm/sub-modules/claude-code/sub-agents/bmad-planning/technical-decisions-curator.md","ec7601e4765fc5959bda3df52d1cebdda89adf0cffa205aeeb0242be6aba3252"
"md","technical-evaluator","bmm","bmad/bmm/sub-modules/claude-code/sub-agents/bmad-review/technical-evaluator.md","c695986899f2bc265161be16fcab20d0aa249f0acdfbf42b46113fa37eeb6712"
"md","template","bmm","bmad/bmm/workflows/1-analysis/domain-research/template.md","5606843f77007d886cc7ecf1fcfddd1f6dfa3be599239c67eff1d8e40585b083"
"md","template","bmm","bmad/bmm/workflows/1-analysis/game-brief/template.md","6d5555fae3763e8528898663d51276e0cc7d2d9725a8c74162d8e9732dbc5843"
"md","template","bmm","bmad/bmm/workflows/1-analysis/product-brief/template.md","96f89df7a4dabac6400de0f1d1abe1f2d4713b76fe9433f31c8a885e20d5a5b4"
"md","template","bmm","bmad/bmm/workflows/3-solutioning/solutioning-gate-check/template.md","11c3b7573991c001a7f7780daaf5e5dfa4c46c3ea1f250c5bbf86c5e9f13fc8b"
"md","template","bmm","bmad/bmm/workflows/4-implementation/create-story/template.md","83c5d21312c0f2060888a2a8ba8332b60f7e5ebeb9b24c9ee59ba96114afb9c9"
"md","template","bmm","bmad/bmm/workflows/4-implementation/epic-tech-context/template.md","b5c5d0686453b7c9880d5b45727023f2f6f8d6e491b47267efa8f968f20074e3"
"md","template-deep-prompt","bmm","bmad/bmm/workflows/1-analysis/research/template-deep-prompt.md","2e65c7d6c56e0fa3c994e9eb8e6685409d84bc3e4d198ea462fa78e06c1c0932"
"md","template-market","bmm","bmad/bmm/workflows/1-analysis/research/template-market.md","e5e59774f57b2f9b56cb817c298c02965b92c7d00affbca442366638cd74d9ca"
"md","template-technical","bmm","bmad/bmm/workflows/1-analysis/research/template-technical.md","78caa56ba6eb6922925e5aab4ed4a8245fe744b63c245be29a0612135851f4ca"
"md","test-coverage-analyzer","bmm","bmad/bmm/sub-modules/claude-code/sub-agents/bmad-review/test-coverage-analyzer.md","61e480d60544b5ea6219216eb3785443a520796c7f29f06812b468bd49275a23"
"md","test-design-template","bmm","bmad/bmm/workflows/testarch/test-design/test-design-template.md","ccf81b14ec366cbd125a1cdebe40f07fcf7a9789b0ecc3e57111fc4526966d46"
"md","test-healing-patterns","bmm","bmad/bmm/testarch/knowledge/test-healing-patterns.md","b44f7db1ebb1c20ca4ef02d12cae95f692876aee02689605d4b15fe728d28fdf"
"md","test-levels-framework","bmm","bmad/bmm/testarch/knowledge/test-levels-framework.md","80bbac7959a47a2e7e7de82613296f906954d571d2d64ece13381c1a0b480237"
"md","test-priorities-matrix","bmm","bmad/bmm/testarch/knowledge/test-priorities-matrix.md","321c3b708cc19892884be0166afa2a7197028e5474acaf7bc65c17ac861964a5"
"md","test-quality","bmm","bmad/bmm/testarch/knowledge/test-quality.md","97b6db474df0ec7a98a15fd2ae49671bb8e0ddf22963f3c4c47917bb75c05b90"
"md","test-review-template","bmm","bmad/bmm/workflows/testarch/test-review/test-review-template.md","3e68a73c48eebf2e0b5bb329a2af9e80554ef443f8cd16652e8343788f249072"
"md","text-based","bmm","bmad/bmm/workflows/2-plan-workflows/gdd/game-types/text-based.md","5895ca65dc93f676bb33b754f2c6be85d5d9b651df87d8431d404dc9bb736ee7"
"md","timing-debugging","bmm","bmad/bmm/testarch/knowledge/timing-debugging.md","c4c87539bbd3fd961369bb1d7066135d18c6aad7ecd70256ab5ec3b26a8777d9"
"md","tower-defense","bmm","bmad/bmm/workflows/2-plan-workflows/gdd/game-types/tower-defense.md","03a2cc577fdd1a183ba04409b01b22f2f38713d28f1278481b0f221858f97ec8"
"md","trace-template","bmm","bmad/bmm/workflows/testarch/trace/trace-template.md","5453a8e4f61b294a1fc0ba42aec83223ae1bcd5c33d7ae0de6de992e3ee42b43"
"md","trend-spotter","bmm","bmad/bmm/sub-modules/claude-code/sub-agents/bmad-planning/trend-spotter.md","402c40357fe83dc724c449b9dd0c9d01cf692a98c35be23a421260cce4b82fb0"
"md","troubleshooting","bmm","bmad/bmm/docs/troubleshooting.md","0c6536af6a444dc90373f3ab571033d3d722eddad9e8c507344a1dc2a23c3310"
"md","turn-based-tactics","bmm","bmad/bmm/workflows/2-plan-workflows/gdd/game-types/turn-based-tactics.md","30a150d8a0ab746f0c67d414be79e7e421fff1b8b7a1b716e64800df72bdb6c2"
"md","user-journey-mapper","bmm","bmad/bmm/sub-modules/claude-code/sub-agents/bmad-planning/user-journey-mapper.md","bf6253eeb75899ea1f901e732f5b1134ab170b24634032274bad2dd498fd5ee8"
"md","user-researcher","bmm","bmad/bmm/sub-modules/claude-code/sub-agents/bmad-planning/user-researcher.md","ef065908e08d8e371e21e1cc029a565979a2ee9667529144116075d41aa37437"
"md","user-story-template","bmm","bmad/bmm/workflows/2-plan-workflows/tech-spec/user-story-template.md","4b179d52088745060991e7cfd853da7d6ce5ac0aa051118c9cecea8d59bdaf87"
"md","ux-design-template","bmm","bmad/bmm/workflows/2-plan-workflows/create-ux-design/ux-design-template.md","f9b8ae0fe08c6a23c63815ddd8ed43183c796f266ffe408f3426af1f13b956db"
"md","ux-designer","bmm","bmad/bmm/agents/ux-designer.md","2913eebbc6eeff757ef08e8d42c68730ba3f6837d311fcbbe647a161a16b36cf"
"md","visual-debugging","bmm","bmad/bmm/testarch/knowledge/visual-debugging.md","072a3d30ba6d22d5e628fc26a08f6e03f8b696e49d5a4445f37749ce5cd4a8a9"
"md","visual-novel","bmm","bmad/bmm/workflows/2-plan-workflows/gdd/game-types/visual-novel.md","2d98f4c682f0abbd6330ac1bad04600c596e6b27302adbe9510fc0c0bf53052c"
"md","workflow-architecture-reference","bmm","bmad/bmm/docs/workflow-architecture-reference.md","ce6c43a7f90e7b31655dd1bc9632cda700e105315f5ef25067319792274b2283"
"md","workflow-document-project-reference","bmm","bmad/bmm/docs/workflow-document-project-reference.md","1f271cd6c139def4de63a6e0b00800eaebb26353fb4c3758fb4d737c04c98e46"
"md","workflows-analysis","bmm","bmad/bmm/docs/workflows-analysis.md","fd484512df12c21fc77ea53956a20d235ca20330aaee53f31388b9942fcb40e5"
"md","workflows-implementation","bmm","bmad/bmm/docs/workflows-implementation.md","7c280d3c46568f4e09d597adf4812cd5e987aa201a36b25b7616f2de77c8a367"
"md","workflows-planning","bmm","bmad/bmm/docs/workflows-planning.md","8c9955cecaabe1984393864a096d1595fb5a66ab518559ecf6f0f0b8cbd5fd47"
"md","workflows-solutioning","bmm","bmad/bmm/docs/workflows-solutioning.md","7ab9a206eddc439dbe7fd41a8c7b956187e3907d85db7d21aa4ffc739417e435"
"xml","context-template","bmm","bmad/bmm/workflows/4-implementation/story-context/context-template.xml","6b88d07ff10f51bb847d70e02f22d8927beb6ef1e55d5acf647e8f23b5821921"
"xml","daily-standup","bmm","bmad/bmm/tasks/daily-standup.xml","0ae12d1c1002120a567611295e201c9d11eb64618b935d7ef586257103934224"
"yaml","analyst.agent","bmm","bmad/bmm/agents/analyst.agent.yaml",""
"yaml","architect.agent","bmm","bmad/bmm/agents/architect.agent.yaml",""
"yaml","architecture-patterns","bmm","bmad/bmm/workflows/3-solutioning/architecture/architecture-patterns.yaml","9394c1e632e01534f7a1afd676de74b27f1868f58924f21b542af3631679c552"
"yaml","config","bmm","bmad/bmm/sub-modules/claude-code/config.yaml","051f681f468a6944c7b5fe858c5cb0853795897e8ce1f135f484d49389c813a0"
"yaml","config","bmm","bmad/bmm/config.yaml","e9e5c2022693f05431a0b4188eb266356df674a571756c23c5d6fbda8c70a76a"
"yaml","decision-catalog","bmm","bmad/bmm/workflows/3-solutioning/architecture/decision-catalog.yaml","f7fc2ed6ec6c4bd78ec808ad70d24751b53b4835e0aad1088057371f545d3c82"
"yaml","deep-dive","bmm","bmad/bmm/workflows/document-project/workflows/deep-dive.yaml","5bba01ced6a5a703afa9db633cb8009d89fe37ceaa19b012cb4146ff5df5d361"
"yaml","dev.agent","bmm","bmad/bmm/agents/dev.agent.yaml",""
"yaml","enterprise-brownfield","bmm","bmad/bmm/workflows/workflow-status/paths/enterprise-brownfield.yaml","746eca76ca530becfbe263559bd8dd2683cf786df22c510938973b499e12922f"
"yaml","enterprise-greenfield","bmm","bmad/bmm/workflows/workflow-status/paths/enterprise-greenfield.yaml","449923c7bcfda0e3bb75a5c2931baac00cc15002cbffc60bb3aaf9564afb6e73"
"yaml","full-scan","bmm","bmad/bmm/workflows/document-project/workflows/full-scan.yaml","0a9c4d6caa66ab51c3a9122956821bcd8b5c17207e845bfa1c4dccaef81afbb9"
"yaml","game-architect.agent","bmm","bmad/bmm/agents/game-architect.agent.yaml",""
"yaml","game-design","bmm","bmad/bmm/workflows/workflow-status/paths/game-design.yaml","9f8f86788fa4a39cb3063c7fc9e6c6bb96396cc0e9813a4014567556f0808956"
"yaml","game-designer.agent","bmm","bmad/bmm/agents/game-designer.agent.yaml",""
"yaml","game-dev.agent","bmm","bmad/bmm/agents/game-dev.agent.yaml",""
"yaml","github-actions-template","bmm","bmad/bmm/workflows/testarch/ci/github-actions-template.yaml","28c0de7c96481c5a7719596c85dd0ce8b5dc450d360aeaa7ebf6294dcf4bea4c"
"yaml","gitlab-ci-template","bmm","bmad/bmm/workflows/testarch/ci/gitlab-ci-template.yaml","bc83b9240ad255c6c2a99bf863b9e519f736c99aeb4b1e341b07620d54581fdc"
"yaml","injections","bmm","bmad/bmm/sub-modules/claude-code/injections.yaml","c40380f3f56d61fc99e7e99a27c0f869e167e42d165cafb8dd67dcd56203b90e"
"yaml","injections","bmm","bmad/bmm/workflows/1-analysis/research/claude-code/injections.yaml","dd6dd6e722bf661c3c51d25cc97a1e8ca9c21d517ec0372e469364ba2cf1fa8b"
"yaml","method-brownfield","bmm","bmad/bmm/workflows/workflow-status/paths/method-brownfield.yaml","6f4c6b508d3af2eba1409d48543e835d07ec4d453fa34fe53a2c7cbb91658969"
"yaml","method-greenfield","bmm","bmad/bmm/workflows/workflow-status/paths/method-greenfield.yaml","1eb8232eca4cb915acecbc60fe3495c6dcc8d2241393ee42d62b5f491d7c223e"
"yaml","pm.agent","bmm","bmad/bmm/agents/pm.agent.yaml",""
"yaml","project-levels","bmm","bmad/bmm/workflows/workflow-status/project-levels.yaml","09d810864558bfbc5a83ed8989847a165bd59119dfe420194771643daff6c813"
"yaml","quick-flow-brownfield","bmm","bmad/bmm/workflows/workflow-status/paths/quick-flow-brownfield.yaml","0d8837a07efaefe06b29c1e58fee982fafe6bbb40c096699bd64faed8e56ebf8"
"yaml","quick-flow-greenfield","bmm","bmad/bmm/workflows/workflow-status/paths/quick-flow-greenfield.yaml","c6eae1a3ef86e87bd48a285b11989809526498dc15386fa949279f2e77b011d5"
"yaml","sample-level-3-workflow","bmm","bmad/bmm/workflows/workflow-status/sample-level-3-workflow.yaml","036b27d39d3a845abed38725d816faca1452651c0b90f30f6e3adc642c523c6f"
"yaml","sm.agent","bmm","bmad/bmm/agents/sm.agent.yaml",""
"yaml","sprint-status-template","bmm","bmad/bmm/workflows/4-implementation/sprint-planning/sprint-status-template.yaml","314af29f980b830cc2f67b32b3c0c5cc8a3e318cc5b2d66ff94540e5c80e3aca"
"yaml","tea.agent","bmm","bmad/bmm/agents/tea.agent.yaml",""
"yaml","team-fullstack","bmm","bmad/bmm/teams/team-fullstack.yaml","f6e12ad099bbcc048990ea9c0798587b044880f17494dbce0b9dd35a7a674d05"
"yaml","team-gamedev","bmm","bmad/bmm/teams/team-gamedev.yaml","aa6cad296fbe4a967647f378fcd9c2eb2e4dbedfea72029f54d1cae5e2a67e27"
"yaml","tech-writer.agent","bmm","bmad/bmm/agents/tech-writer.agent.yaml",""
"yaml","ux-designer.agent","bmm","bmad/bmm/agents/ux-designer.agent.yaml",""
"yaml","validation-criteria","bmm","bmad/bmm/workflows/3-solutioning/solutioning-gate-check/validation-criteria.yaml","d690edf5faf95ca1ebd3736e01860b385b05566da415313d524f4db12f9a5af4"
"yaml","workflow","bmm","bmad/bmm/workflows/1-analysis/brainstorm-game/workflow.yaml","70b34064d98c80fd3ca2a1a412b9031ec297ec7cc3e27be3e4145e683fff521e"
"yaml","workflow","bmm","bmad/bmm/workflows/1-analysis/brainstorm-project/workflow.yaml","9fa9d8a3e3467e00b9ba187f91520760751768b56fa14a325cc166e708067afb"
"yaml","workflow","bmm","bmad/bmm/workflows/1-analysis/domain-research/workflow.yaml","368f4864f4354c4c5ecffc94e9daf922744ebb2b9103f9dab2bd38931720b03e"
"yaml","workflow","bmm","bmad/bmm/workflows/1-analysis/game-brief/workflow.yaml","c4b21e6b67a20068678ebab55d55a39954dce3ce8bb560ea0db42959f6248eff"
"yaml","workflow","bmm","bmad/bmm/workflows/1-analysis/product-brief/workflow.yaml","45a1e40440efe2fb0a614842a3efa3b62833bd6f3cf9188393f5f6dbbf1fa491"
"yaml","workflow","bmm","bmad/bmm/workflows/1-analysis/research/workflow.yaml","339f40af85bcff64fedf417156e0c555113219071e06f741d356aaa95a9f5d19"
"yaml","workflow","bmm","bmad/bmm/workflows/2-plan-workflows/create-ux-design/workflow.yaml","218d220a7f218c6c6d4d4f74e42562b532ec246a2c4f4bd65e3a886239785aa3"
"yaml","workflow","bmm","bmad/bmm/workflows/2-plan-workflows/gdd/workflow.yaml","913c3a6f386381417a5e55db1130446af1372bee5d1080a56e5357709539e4d2"
"yaml","workflow","bmm","bmad/bmm/workflows/2-plan-workflows/narrative/workflow.yaml","69a6223af100fe63486bfcf72706435701f11cc464021ef8fe812a572b17436b"
"yaml","workflow","bmm","bmad/bmm/workflows/2-plan-workflows/prd/create-epics-and-stories/workflow.yaml","9da88bfe0d21b8db522f4f0bbce1d7a7340b1418d76c97ba6e9078f52a21416b"
"yaml","workflow","bmm","bmad/bmm/workflows/2-plan-workflows/prd/workflow.yaml","09d79c744187e4c7d8c6de8fbddea6c75db214194e05209fadfa301bf84f0b6f"
"yaml","workflow","bmm","bmad/bmm/workflows/2-plan-workflows/tech-spec/workflow.yaml","4dde10d1478b813f99c529195c12c05938599fb5803e957b6ba23726112cda49"
"yaml","workflow","bmm","bmad/bmm/workflows/3-solutioning/architecture/workflow.yaml","691727257a440a740069afc271e970d68c123f6b81692a1422197eab02ccdc84"
"yaml","workflow","bmm","bmad/bmm/workflows/3-solutioning/solutioning-gate-check/workflow.yaml","a6294def5290eef6727d3dfd06ce9d82188f2b8a8afb17b249b6f5e0fe27f344"
"yaml","workflow","bmm","bmad/bmm/workflows/4-implementation/code-review/workflow.yaml","b4d20f450243e5aedbb537093439c8b4b83aac8213a3a66be5bf2e95a1a9e0f8"
"yaml","workflow","bmm","bmad/bmm/workflows/4-implementation/correct-course/workflow.yaml","29fd40a0b4b16cba64462224732101de2c9050206c0c77dd555399ba8273fb5d"
"yaml","workflow","bmm","bmad/bmm/workflows/4-implementation/create-story/workflow.yaml","0b6ddcd6df3bc2cde34466944f322add6533c184932040e36b17789fb19ecff1"
"yaml","workflow","bmm","bmad/bmm/workflows/4-implementation/dev-story/workflow.yaml","96703263763717900ab1695de19a558c817a472e007af24b380f238c59a4c78d"
"yaml","workflow","bmm","bmad/bmm/workflows/4-implementation/epic-tech-context/workflow.yaml","60899ef88c1766595218724a9c98238978fc977b8f584ec11a8731a06d21e1c3"
"yaml","workflow","bmm","bmad/bmm/workflows/4-implementation/retrospective/workflow.yaml","2b27213f09c8809c4710e509ab3c4f63f9715c2ef5c5bad68cbd19711a23d7fb"
"yaml","workflow","bmm","bmad/bmm/workflows/4-implementation/sprint-planning/workflow.yaml","720f2013eefb7fa241b64671b7388a17b667ef4db8c21bc5c0ad9282df6b6baa"
"yaml","workflow","bmm","bmad/bmm/workflows/4-implementation/story-context/workflow.yaml","1c8c4b3d49665a2757c070b1558f89b5cb5a710381e5119424f682b7c87f1e2c"
"yaml","workflow","bmm","bmad/bmm/workflows/4-implementation/story-done/workflow.yaml","9edfac176cc3919bbf753e8671c38fb98a210f6a68c341abbf0cc39633435043"
"yaml","workflow","bmm","bmad/bmm/workflows/4-implementation/story-ready/workflow.yaml","7c59d8ffaacb9982014fdad8c95ac1a99985ee4641a33130f251cc696fcf6bde"
"yaml","workflow","bmm","bmad/bmm/workflows/document-project/workflow.yaml","a257aec6e0b2aa1eb935ae2291fbd8aeb83a93e17c5882d37d92adfe25fbbed8"
"yaml","workflow","bmm","bmad/bmm/workflows/testarch/atdd/workflow.yaml","b1bc5f8101fabf3fd1dd725d3fd1e5d8568e5497856ccf0556c86a0435214d95"
"yaml","workflow","bmm","bmad/bmm/workflows/testarch/automate/workflow.yaml","44b21e50e8419dbfdfbf7281b61f9e6f6630f4e9cf720fbe5e54b236d9d5e90d"
"yaml","workflow","bmm","bmad/bmm/workflows/testarch/ci/workflow.yaml","de89801ec80bd7e13c030a2912b4eee8992e8e2bfd020b59f85466d3569802f9"
"yaml","workflow","bmm","bmad/bmm/workflows/testarch/framework/workflow.yaml","72786ba1124a51e52acc825a340dcfda2188432ee6514f9e6e30b3bd0ef95123"
"yaml","workflow","bmm","bmad/bmm/workflows/testarch/nfr-assess/workflow.yaml","f7b005bf1af420693a8415b246bf4e87d827364cde09003649e6c234e6a4c5dc"
"yaml","workflow","bmm","bmad/bmm/workflows/testarch/test-design/workflow.yaml","13c1255f250701a176dcc9d50f3acfcb0d310a2a15da92af56d658b2ed78e5c2"
"yaml","workflow","bmm","bmad/bmm/workflows/testarch/test-review/workflow.yaml","19a389464ae744d5dd149e46c58beffb341cecc52198342a7c342cd3895d22f2"
"yaml","workflow","bmm","bmad/bmm/workflows/testarch/trace/workflow.yaml","9e112a5d983d7b517e22f20b815772e38f42d2568a4dcb7d8eb5afaf9e246963"
"yaml","workflow","bmm","bmad/bmm/workflows/workflow-status/init/workflow.yaml","e819d5ede67717bce20db57913029252f2374b77215f538d678f4a548caa7925"
"yaml","workflow","bmm","bmad/bmm/workflows/workflow-status/workflow.yaml","d50d6e5593b871a197a67af991efec5204f354fd6b2ffe93790c9107bdb334c9"
"yaml","workflow-status-template","bmm","bmad/bmm/workflows/workflow-status/workflow-status-template.yaml","6021202726d2b81f28908ffeb93330d25bcd52986823200e01b814d67c1677dd"
"csv","design-methods","cis","bmad/cis/workflows/design-thinking/design-methods.csv","6735e9777620398e35b7b8ccb21e9263d9164241c3b9973eb76f5112fb3a8fc9"
"csv","innovation-frameworks","cis","bmad/cis/workflows/innovation-strategy/innovation-frameworks.csv","9a14473b1d667467172d8d161e91829c174e476a030a983f12ec6af249c4e42f"
"csv","solving-methods","cis","bmad/cis/workflows/problem-solving/solving-methods.csv","aa15c3a862523f20c199600d8d4d0a23fce1001010d7efc29a71abe537d42995"
"csv","story-types","cis","bmad/cis/workflows/storytelling/story-types.csv","ec5a3c713617bf7e2cf7db439303dd8f3363daa2f6db20a350c82260ade88bdb"
"md","brainstorming-coach","cis","bmad/cis/agents/brainstorming-coach.md","575658080178a0378b51249f805dc18a8b45bca9bd52032e3a97bd1160c64fcb"
"md","creative-problem-solver","cis","bmad/cis/agents/creative-problem-solver.md","2dc08760b34d7328392cae249e8454c655143ed20074cc2d9acf3149d982689f"
"md","design-thinking-coach","cis","bmad/cis/agents/design-thinking-coach.md","5374ac22137c53fc1f18d14825a4fd9965635aec8fe47676c9bf28bfaddf7380"
"md","innovation-strategist","cis","bmad/cis/agents/innovation-strategist.md","d8a3789604cd16d855faf3f2b81c8af68c2b12d0641300c6c5ee24111157b797"
"md","instructions","cis","bmad/cis/workflows/design-thinking/instructions.md","40e09c9c8dfcb57bb9f89f6357d619dc006d6520239494144a9122e5086d87dc"
"md","instructions","cis","bmad/cis/workflows/innovation-strategy/instructions.md","fa8fbe1e56f666b0931a0c782cbf49f8b65dfa366c8ffa208f21ba3881bdb331"
"md","instructions","cis","bmad/cis/workflows/problem-solving/instructions.md","9b4e1fd2e5ea8ce5c6d4fdb495291775225ad7aaca8a39d7ac3351b7475c0cc1"
"md","instructions","cis","bmad/cis/workflows/storytelling/instructions.md","c49bbf472654cdcb7f227c5d94f2e82b47b9d6db8527adcb72e192f5df71e656"
"md","README","cis","bmad/cis/agents/README.md","dd7276c44ba77e9d856efaa9587666267279564a3f930398869f475341cd9c38"
"md","README","cis","bmad/cis/README.md","31e1194dcef4a18b744d9e11d8b8aec42f336ccd351e287a1b62e5cec5a9d22a"
"md","README","cis","bmad/cis/workflows/design-thinking/README.md","0a38f88352dc4674f6e1f55a67ffebf403bf329c874a21a49ce7834c08f91f62"
"md","README","cis","bmad/cis/workflows/innovation-strategy/README.md","820a9e734fadf2cfac94d499cec2e4b41a54d054c0d2f6b9819da319beee4fb9"
"md","README","cis","bmad/cis/workflows/problem-solving/README.md","a5e75b9899751d7aabffcf65785f10d4d2e0455f8c7c541e8a143e3babceca8b"
"md","README","cis","bmad/cis/workflows/README.md","f8ff9630b4f89858389fefb8204fe6589a5f0ed78b3f5cdf16f537df39fe3855"
"md","README","cis","bmad/cis/workflows/storytelling/README.md","1bad4223dce51cb5a7ab8c116467f78037a4583d3a840210ee2f160ad15b71ee"
"md","storyteller","cis","bmad/cis/agents/storyteller.md","931797eb435adb0460b7c4c3dd9f209c03d637c99cb8076deecd4b4a4a99a9b6"
"md","template","cis","bmad/cis/workflows/design-thinking/template.md","7834c387ac0412c841b49a9fcdd8043f5ce053e5cb26993548cf4d31b561f6f0"
"md","template","cis","bmad/cis/workflows/innovation-strategy/template.md","3e649531c0d8ac94e147159cd456aa0e1726439e8518c3ccc2ad08fc486aed59"
"md","template","cis","bmad/cis/workflows/problem-solving/template.md","6c9efd7ac7b10010bd9911db16c2fbdca01fb0c306d871fa6381eef700b45608"
"md","template","cis","bmad/cis/workflows/storytelling/template.md","461981aa772ef2df238070cbec90fc40995df2a71a8c22225b90c91afed57452"
"yaml","brainstorming-coach.agent","cis","bmad/cis/agents/brainstorming-coach.agent.yaml",""
"yaml","config","cis","bmad/cis/config.yaml","c498136b0fdc028990fd3daccbf7cf77b9c61e93d7e11d9565b373ed79217f49"
"yaml","creative-problem-solver.agent","cis","bmad/cis/agents/creative-problem-solver.agent.yaml",""
"yaml","creative-squad","cis","bmad/cis/teams/creative-squad.yaml","5c31e9dd98fff661baa82e71ae3dd5856883fabbc245a62e28a77c4e2df83dec"
"yaml","design-thinking-coach.agent","cis","bmad/cis/agents/design-thinking-coach.agent.yaml",""
"yaml","innovation-strategist.agent","cis","bmad/cis/agents/innovation-strategist.agent.yaml",""
"yaml","storyteller.agent","cis","bmad/cis/agents/storyteller.agent.yaml",""
"yaml","workflow","cis","bmad/cis/workflows/design-thinking/workflow.yaml","a1bc933af1982db11ac6b2a26749c20b42683d9c75315992662ba6c2ad184b1f"
"yaml","workflow","cis","bmad/cis/workflows/innovation-strategy/workflow.yaml","c613120567bd7890558f746925ed4b34947f964265c66539687db2eb6f1420f1"
"yaml","workflow","cis","bmad/cis/workflows/problem-solving/workflow.yaml","fa93582b4b27dd9a91876e417d2f50156080966f788600e9b3b10fbc0b6ff628"
"yaml","workflow","cis","bmad/cis/workflows/storytelling/workflow.yaml","d0af924c5f573c3c57bfd7eeaf712dadea9d96ca77383a3c2e4cd2d9fddc87eb"
"csv","adv-elicit-methods","core","bmad/core/tasks/adv-elicit-methods.csv","b4e925870f902862899f12934e617c3b4fe002d1b652c99922b30fa93482533b"
"csv","brain-methods","core","bmad/core/workflows/brainstorming/brain-methods.csv","ecffe2f0ba263aac872b2d2c95a3f7b1556da2a980aa0edd3764ffb2f11889f3"
"md","bmad-master","core","bmad/core/agents/bmad-master.md","da52edd5ab4fd9a189c3e27cc8d114eeefe0068ff85febdca455013b8c85da1a"
"md","instructions","core","bmad/core/workflows/brainstorming/instructions.md","20c57ede11289def7927b6ef7bb69bd7a3deb9468dc08e93ee057f98a906e7f0"
"md","instructions","core","bmad/core/workflows/party-mode/instructions.md","28e48c7a05e1f17ad64c0cc701a2ba60e385cd4704c726a14d4b886d885306ab"
"md","README","core","bmad/core/workflows/brainstorming/README.md","4b81a01b94d6f9eda24a7adeb6cd4a2762482a9003859391a78226427b70d287"
"md","template","core","bmad/core/workflows/brainstorming/template.md","b5c760f4cea2b56c75ef76d17a87177b988ac846657f4b9819ec125d125b7386"
"xml","adv-elicit","core","bmad/core/tasks/adv-elicit.xml","94f004a336e434cd231de35eb864435ac51cd5888e9befe66e326eb16497121e"
"xml","bmad-web-orchestrator.agent","core","bmad/core/agents/bmad-web-orchestrator.agent.xml","91a5c1b660befa7365f427640b4fa3dbb18f5e48cd135560303dae0939dccf12"
"xml","index-docs","core","bmad/core/tasks/index-docs.xml","38226219c7dbde1c1dabcd87214383a6bfb2d0a7e79e09a9c79dd6be851b7e64"
"xml","shard-doc","core","bmad/core/tools/shard-doc.xml","7788d38b9989361992664b8a4e23896081638df2a9bc9227eb56e82f3a5c183a"
"xml","validate-workflow","core","bmad/core/tasks/validate-workflow.xml","1e8c569d8d53e618642aa1472721655cb917901a5888a7b403a98df4db2f26bf"
"xml","workflow","core","bmad/core/tasks/workflow.xml","576ddb13dbaeb751b1cda0a235735669cd977eaf02fcab79cb9f157f75dfb36e"
"yaml","bmad-master.agent","core","bmad/core/agents/bmad-master.agent.yaml",""
"yaml","config","core","bmad/core/config.yaml","590e368cba80e90a516b6f022b880dcecab83da64dd251ab13c8b39c7decf441"
"yaml","workflow","core","bmad/core/workflows/brainstorming/workflow.yaml","74038fa3892c4e873cc79ec806ecb2586fc5b4cf396c60ae964a6a71a9ad4a3d"
"yaml","workflow","core","bmad/core/workflows/party-mode/workflow.yaml","04558885b784b4731f37465897b9292a756f64c409bd76dcc541407d50501605"
